year,forecast,lower_ci,upper_ci
2025,60.99999659291701,55.926662345742564,66.07333084009146
2026,70.1999947507454,63.02521665193941,77.3747728495514
2027,79.3999929085738,70.61272022868846,88.18726558845913
