Model,MAE,RMSE,MAPE
"ARIMA(0,1,0)",12.5,12.589678312014172,26.242236024844722
ETS,7.0000004607388675,8.602325692804323,14.418811967785523
